Zone_Depot;Plaats;Postcode
75;Winterswijk / Groenlo e.o.;7100
75;Winterswijk / Groenlo e.o.;7101
75;Winterswijk / Groenlo e.o.;7102
75;Winterswijk / Groenlo e.o.;7103
75;Winterswijk / Groenlo e.o.;7104
75;Winterswijk / Groenlo e.o.;7105
75;Winterswijk / Groenlo e.o.;7106
75;Winterswijk / Groenlo e.o.;7107
75;Winterswijk / Groenlo e.o.;7108
75;Winterswijk / Groenlo e.o.;7109
75;Winterswijk / Groenlo e.o.;7110
75;Winterswijk / Groenlo e.o.;7111
75;Winterswijk / Groenlo e.o.;7112
75;Winterswijk / Groenlo e.o.;7113
75;Winterswijk / Groenlo e.o.;7114
75;Winterswijk / Groenlo e.o.;7115
75;Winterswijk / Groenlo e.o.;7116
75;Winterswijk / Groenlo e.o.;7117
75;Winterswijk / Groenlo e.o.;7118
75;Winterswijk / Groenlo e.o.;7119
75;Winterswijk / Groenlo e.o.;7120
75;Winterswijk / Groenlo e.o.;7121
75;Winterswijk / Groenlo e.o.;7122
75;Winterswijk / Groenlo e.o.;7123
75;Winterswijk / Groenlo e.o.;7124
75;Winterswijk / Groenlo e.o.;7125
75;Winterswijk / Groenlo e.o.;7126
75;Winterswijk / Groenlo e.o.;7127
75;Winterswijk / Groenlo e.o.;7128
75;Winterswijk / Groenlo e.o.;7129
75;Winterswijk / Groenlo e.o.;7130
75;Winterswijk / Groenlo e.o.;7131
75;Winterswijk / Groenlo e.o.;7132
75;Winterswijk / Groenlo e.o.;7133
75;Winterswijk / Groenlo e.o.;7134
75;Winterswijk / Groenlo e.o.;7135
75;Winterswijk / Groenlo e.o.;7136
75;Winterswijk / Groenlo e.o.;7137
75;Winterswijk / Groenlo e.o.;7138
75;Winterswijk / Groenlo e.o.;7139
75;Winterswijk / Groenlo e.o.;7140
75;Winterswijk / Groenlo e.o.;7141
75;Winterswijk / Groenlo e.o.;7142
75;Winterswijk / Groenlo e.o.;7143
75;Winterswijk / Groenlo e.o.;7144
75;Winterswijk / Groenlo e.o.;7145
75;Winterswijk / Groenlo e.o.;7146
75;Winterswijk / Groenlo e.o.;7147
75;Winterswijk / Groenlo e.o.;7148
75;Winterswijk / Groenlo e.o.;7149
75;Winterswijk / Groenlo e.o.;7150
75;Winterswijk / Groenlo e.o.;7151
75;Winterswijk / Groenlo e.o.;7152
75;Winterswijk / Groenlo e.o.;7153
75;Winterswijk / Groenlo e.o.;7154
75;Winterswijk / Groenlo e.o.;7155
75;Winterswijk / Groenlo e.o.;7156
75;Winterswijk / Groenlo e.o.;7157
75;Winterswijk / Groenlo e.o.;7158
75;Winterswijk / Groenlo e.o.;7159
75;Winterswijk / Groenlo e.o.;7160
75;Winterswijk / Groenlo e.o.;7161
75;Winterswijk / Groenlo e.o.;7162
75;Winterswijk / Groenlo e.o.;7163
75;Winterswijk / Groenlo e.o.;7164
75;Winterswijk / Groenlo e.o.;7165
75;Winterswijk / Groenlo e.o.;7166
75;Winterswijk / Groenlo e.o.;7167
75;Winterswijk / Groenlo e.o.;7168
75;Winterswijk / Groenlo e.o.;7169
75;Winterswijk / Groenlo e.o.;7170
75;Winterswijk / Groenlo e.o.;7171
75;Winterswijk / Groenlo e.o.;7172
75;Winterswijk / Groenlo e.o.;7173
75;Winterswijk / Groenlo e.o.;7174
75;Winterswijk / Groenlo e.o.;7175
75;Winterswijk / Groenlo e.o.;7176
75;Winterswijk / Groenlo e.o.;7177
75;Winterswijk / Groenlo e.o.;7178
75;Winterswijk / Groenlo e.o.;7179
75;Winterswijk / Groenlo e.o.;7180
75;Winterswijk / Groenlo e.o.;7181
75;Winterswijk / Groenlo e.o.;7182
75;Winterswijk / Groenlo e.o.;7183
75;Winterswijk / Groenlo e.o.;7184
75;Winterswijk / Groenlo e.o.;7185
75;Winterswijk / Groenlo e.o.;7186
75;Winterswijk / Groenlo e.o.;7187
75;Winterswijk / Groenlo e.o.;7188
75;Winterswijk / Groenlo e.o.;7189
75;Winterswijk / Groenlo e.o.;7190
75;Winterswijk / Groenlo e.o.;7191
75;Winterswijk / Groenlo e.o.;7192
75;Winterswijk / Groenlo e.o.;7193
75;Winterswijk / Groenlo e.o.;7194
75;Winterswijk / Groenlo e.o.;7195
75;Winterswijk / Groenlo e.o.;7196
75;Winterswijk / Groenlo e.o.;7197
75;Winterswijk / Groenlo e.o.;7198
75;Winterswijk / Groenlo e.o.;7199
75;Gorssel e.o;7211
75;Gorssel e.o;7212
75;Gorssel e.o;7213
75;Gorssel e.o;7214
75;Gorssel e.o;7215
75;Gorssel e.o;7216
75;Gorssel e.o;7217
75;Gorssel e.o;7218
75;Lochem e.o;7241
75;Lochem e.o;7242
75;Lochem e.o;7243
75;Lochem e.o;7244
75;Lochem e.o;7245
75;Ruurlo e.o;7261
75;Ruurlo e.o;7262
75;Ruurlo e.o;7263
75;Ruurlo e.o;7264
75;Ruurlo e.o;7265
75;Ruurlo e.o;7266
75;Ruurlo e.o;7267
75;Ruurlo e.o;7268
75;Ruurlo e.o;7269
75;Ruurlo e.o;7270
75;Ruurlo e.o;7271
75;Ruurlo e.o;7272
75;Ruurlo e.o;7273
75;Ruurlo e.o;7274
75;Ruurlo e.o;7275
75;Deventer / Rijssen e.o.;7400
75;Deventer / Rijssen e.o.;7401
75;Deventer / Rijssen e.o.;7402
75;Deventer / Rijssen e.o.;7403
75;Deventer / Rijssen e.o.;7404
75;Deventer / Rijssen e.o.;7405
75;Deventer / Rijssen e.o.;7406
75;Deventer / Rijssen e.o.;7407
75;Deventer / Rijssen e.o.;7408
75;Deventer / Rijssen e.o.;7409
75;Deventer / Rijssen e.o.;7410
75;Deventer / Rijssen e.o.;7411
75;Deventer / Rijssen e.o.;7412
75;Deventer / Rijssen e.o.;7413
75;Deventer / Rijssen e.o.;7414
75;Deventer / Rijssen e.o.;7415
75;Deventer / Rijssen e.o.;7416
75;Deventer / Rijssen e.o.;7417
75;Deventer / Rijssen e.o.;7418
75;Deventer / Rijssen e.o.;7419
75;Deventer / Rijssen e.o.;7420
75;Deventer / Rijssen e.o.;7421
75;Deventer / Rijssen e.o.;7422
75;Deventer / Rijssen e.o.;7423
75;Deventer / Rijssen e.o.;7424
75;Deventer / Rijssen e.o.;7425
75;Deventer / Rijssen e.o.;7426
75;Deventer / Rijssen e.o.;7427
75;Deventer / Rijssen e.o.;7428
75;Deventer / Rijssen e.o.;7429
75;Deventer / Rijssen e.o.;7430
75;Deventer / Rijssen e.o.;7431
75;Deventer / Rijssen e.o.;7432
75;Deventer / Rijssen e.o.;7433
75;Deventer / Rijssen e.o.;7434
75;Deventer / Rijssen e.o.;7435
75;Deventer / Rijssen e.o.;7436
75;Deventer / Rijssen e.o.;7437
75;Deventer / Rijssen e.o.;7438
75;Deventer / Rijssen e.o.;7439
75;Deventer / Rijssen e.o.;7440
75;Deventer / Rijssen e.o.;7441
75;Deventer / Rijssen e.o.;7442
75;Deventer / Rijssen e.o.;7443
75;Deventer / Rijssen e.o.;7444
75;Deventer / Rijssen e.o.;7445
75;Deventer / Rijssen e.o.;7446
75;Deventer / Rijssen e.o.;7447
75;Deventer / Rijssen e.o.;7448
75;Deventer / Rijssen e.o.;7449
75;Deventer / Rijssen e.o.;7450
75;Deventer / Rijssen e.o.;7451
75;Deventer / Rijssen e.o.;7452
75;Deventer / Rijssen e.o.;7453
75;Deventer / Rijssen e.o.;7454
75;Deventer / Rijssen e.o.;7455
75;Deventer / Rijssen e.o.;7456
75;Deventer / Rijssen e.o.;7457
75;Deventer / Rijssen e.o.;7458
75;Deventer / Rijssen e.o.;7459
75;Deventer / Rijssen e.o.;7460
75;Deventer / Rijssen e.o.;7461
75;Deventer / Rijssen e.o.;7462
75;Deventer / Rijssen e.o.;7463
75;Deventer / Rijssen e.o.;7464
75;Deventer / Rijssen e.o.;7465
75;Deventer / Rijssen e.o.;7466
75;Deventer / Rijssen e.o.;7467
75;Deventer / Rijssen e.o.;7468
75;Deventer / Rijssen e.o.;7469
75;Deventer / Rijssen e.o.;7470
75;Deventer / Rijssen e.o.;7471
75;Deventer / Rijssen e.o.;7472
75;Deventer / Rijssen e.o.;7473
75;Deventer / Rijssen e.o.;7474
75;Deventer / Rijssen e.o.;7475
75;Deventer / Rijssen e.o.;7476
75;Deventer / Rijssen e.o.;7477
75;Deventer / Rijssen e.o.;7478
75;Deventer / Rijssen e.o.;7479
75;Deventer / Rijssen e.o.;7480
75;Deventer / Rijssen e.o.;7481
75;Deventer / Rijssen e.o.;7482
75;Deventer / Rijssen e.o.;7483
75;Deventer / Rijssen e.o.;7484
75;Deventer / Rijssen e.o.;7485
75;Deventer / Rijssen e.o.;7486
75;Deventer / Rijssen e.o.;7487
75;Deventer / Rijssen e.o.;7488
75;Deventer / Rijssen e.o.;7489
75;Deventer / Rijssen e.o.;7490
75;Deventer / Rijssen e.o.;7491
75;Deventer / Rijssen e.o.;7492
75;Deventer / Rijssen e.o.;7493
75;Deventer / Rijssen e.o.;7494
75;Deventer / Rijssen e.o.;7495
75;Deventer / Rijssen e.o.;7496
75;Deventer / Rijssen e.o.;7497
75;Deventer / Rijssen e.o.;7498
75;Deventer / Rijssen e.o.;7499
75;Enschede / Hengelo e.o.;7500
75;Enschede / Hengelo e.o.;7501
75;Enschede / Hengelo e.o.;7502
75;Enschede / Hengelo e.o.;7503
75;Enschede / Hengelo e.o.;7504
75;Enschede / Hengelo e.o.;7505
75;Enschede / Hengelo e.o.;7506
75;Enschede / Hengelo e.o.;7507
75;Enschede / Hengelo e.o.;7508
75;Enschede / Hengelo e.o.;7509
75;Enschede / Hengelo e.o.;7510
75;Enschede / Hengelo e.o.;7511
75;Enschede / Hengelo e.o.;7512
75;Enschede / Hengelo e.o.;7513
75;Enschede / Hengelo e.o.;7514
75;Enschede / Hengelo e.o.;7515
75;Enschede / Hengelo e.o.;7516
75;Enschede / Hengelo e.o.;7517
75;Enschede / Hengelo e.o.;7518
75;Enschede / Hengelo e.o.;7519
75;Enschede / Hengelo e.o.;7520
75;Enschede / Hengelo e.o.;7521
75;Enschede / Hengelo e.o.;7522
75;Enschede / Hengelo e.o.;7523
75;Enschede / Hengelo e.o.;7524
75;Enschede / Hengelo e.o.;7525
75;Enschede / Hengelo e.o.;7526
75;Enschede / Hengelo e.o.;7527
75;Enschede / Hengelo e.o.;7528
75;Enschede / Hengelo e.o.;7529
75;Enschede / Hengelo e.o.;7530
75;Enschede / Hengelo e.o.;7531
75;Enschede / Hengelo e.o.;7532
75;Enschede / Hengelo e.o.;7533
75;Enschede / Hengelo e.o.;7534
75;Enschede / Hengelo e.o.;7535
75;Enschede / Hengelo e.o.;7536
75;Enschede / Hengelo e.o.;7537
75;Enschede / Hengelo e.o.;7538
75;Enschede / Hengelo e.o.;7539
75;Enschede / Hengelo e.o.;7540
75;Enschede / Hengelo e.o.;7541
75;Enschede / Hengelo e.o.;7542
75;Enschede / Hengelo e.o.;7543
75;Enschede / Hengelo e.o.;7544
75;Enschede / Hengelo e.o.;7545
75;Enschede / Hengelo e.o.;7546
75;Enschede / Hengelo e.o.;7547
75;Enschede / Hengelo e.o.;7548
75;Enschede / Hengelo e.o.;7549
75;Enschede / Hengelo e.o.;7550
75;Enschede / Hengelo e.o.;7551
75;Enschede / Hengelo e.o.;7552
75;Enschede / Hengelo e.o.;7553
75;Enschede / Hengelo e.o.;7554
75;Enschede / Hengelo e.o.;7555
75;Enschede / Hengelo e.o.;7556
75;Enschede / Hengelo e.o.;7557
75;Enschede / Hengelo e.o.;7558
75;Enschede / Hengelo e.o.;7559
75;Enschede / Hengelo e.o.;7560
75;Enschede / Hengelo e.o.;7561
75;Enschede / Hengelo e.o.;7562
75;Enschede / Hengelo e.o.;7563
75;Enschede / Hengelo e.o.;7564
75;Enschede / Hengelo e.o.;7565
75;Enschede / Hengelo e.o.;7566
75;Enschede / Hengelo e.o.;7567
75;Enschede / Hengelo e.o.;7568
75;Enschede / Hengelo e.o.;7569
75;Enschede / Hengelo e.o.;7570
75;Enschede / Hengelo e.o.;7571
75;Enschede / Hengelo e.o.;7572
75;Enschede / Hengelo e.o.;7573
75;Enschede / Hengelo e.o.;7574
75;Enschede / Hengelo e.o.;7575
75;Enschede / Hengelo e.o.;7576
75;Enschede / Hengelo e.o.;7577
75;Enschede / Hengelo e.o.;7578
75;Enschede / Hengelo e.o.;7579
75;Enschede / Hengelo e.o.;7580
75;Enschede / Hengelo e.o.;7581
75;Enschede / Hengelo e.o.;7582
75;Enschede / Hengelo e.o.;7583
75;Enschede / Hengelo e.o.;7584
75;Enschede / Hengelo e.o.;7585
75;Enschede / Hengelo e.o.;7586
75;Enschede / Hengelo e.o.;7587
75;Enschede / Hengelo e.o.;7588
75;Enschede / Hengelo e.o.;7589
75;Enschede / Hengelo e.o.;7590
75;Enschede / Hengelo e.o.;7591
75;Enschede / Hengelo e.o.;7592
75;Enschede / Hengelo e.o.;7593
75;Enschede / Hengelo e.o.;7594
75;Enschede / Hengelo e.o.;7595
75;Enschede / Hengelo e.o.;7596
75;Enschede / Hengelo e.o.;7597
75;Enschede / Hengelo e.o.;7598
75;Enschede / Hengelo e.o.;7599
75;Almelo e.o.;7600
75;Almelo e.o.;7601
75;Almelo e.o.;7602
75;Almelo e.o.;7603
75;Almelo e.o.;7604
75;Almelo e.o.;7605
75;Almelo e.o.;7606
75;Almelo e.o.;7607
75;Almelo e.o.;7608
75;Almelo e.o.;7609
75;Almelo e.o.;7610
75;Almelo e.o.;7611
75;Almelo e.o.;7612
75;Almelo e.o.;7613
75;Almelo e.o.;7614
75;Almelo e.o.;7615
75;Almelo e.o.;7616
75;Almelo e.o.;7617
75;Almelo e.o.;7618
75;Almelo e.o.;7619
75;Almelo e.o.;7620
75;Almelo e.o.;7621
75;Almelo e.o.;7622
75;Almelo e.o.;7623
75;Almelo e.o.;7624
75;Almelo e.o.;7625
75;Almelo e.o.;7626
75;Almelo e.o.;7627
75;Almelo e.o.;7628
75;Almelo e.o.;7629
75;Almelo e.o.;7630
75;Almelo e.o.;7631
75;Almelo e.o.;7632
75;Almelo e.o.;7633
75;Almelo e.o.;7634
75;Almelo e.o.;7635
75;Almelo e.o.;7636
75;Almelo e.o.;7637
75;Almelo e.o.;7638
75;Almelo e.o.;7639
75;Almelo e.o.;7640
75;Almelo e.o.;7641
75;Almelo e.o.;7642
75;Almelo e.o.;7643
75;Almelo e.o.;7644
75;Almelo e.o.;7645
75;Almelo e.o.;7646
75;Almelo e.o.;7647
75;Almelo e.o.;7648
75;Almelo e.o.;7649
75;Almelo e.o.;7650
75;Almelo e.o.;7651
75;Almelo e.o.;7652
75;Almelo e.o.;7653
75;Almelo e.o.;7654
75;Almelo e.o.;7655
75;Almelo e.o.;7656
75;Almelo e.o.;7657
75;Almelo e.o.;7658
75;Almelo e.o.;7659
75;Almelo e.o.;7660
75;Almelo e.o.;7661
75;Almelo e.o.;7662
75;Almelo e.o.;7663
75;Almelo e.o.;7664
75;Almelo e.o.;7665
75;Almelo e.o.;7666
75;Almelo e.o.;7667
75;Almelo e.o.;7668
75;Almelo e.o.;7669
75;Almelo e.o.;7670
75;Almelo e.o.;7671
75;Almelo e.o.;7672
75;Almelo e.o.;7673
75;Almelo e.o.;7674
75;Almelo e.o.;7675
75;Almelo e.o.;7676
75;Almelo e.o.;7677
75;Almelo e.o.;7678
75;Almelo e.o.;7679
75;Almelo e.o.;7680
75;Almelo e.o.;7681
75;Almelo e.o.;7682
75;Almelo e.o.;7683
75;Almelo e.o.;7684
75;Almelo e.o.;7685
75;Almelo e.o.;7686
75;Almelo e.o.;7687
75;Almelo e.o.;7688
75;Almelo e.o.;7689
75;Almelo e.o.;7690
75;Almelo e.o.;7691
75;Almelo e.o.;7692
75;Almelo e.o.;7693
75;Almelo e.o.;7694
75;Almelo e.o.;7695
75;Almelo e.o.;7696
75;Almelo e.o.;7697
75;Almelo e.o.;7698
75;Almelo e.o.;7699
